[{"term":"Acceleration","url":"acceleration.md.html"},{"term":"Accelerometer","url":"accelerometer.md.html"},{"term":"accelerometer.clearWatch","url":"accelerometer.clearWatch.md.html"},{"term":"accelerometer.getCurrentAcceleration","url":"accelerometer.getCurrentAcceleration.md.html"},{"term":"accelerometer.watchAcceleration","url":"accelerometer.watchAcceleration.md.html"},{"term":"accelerometerError","url":"accelerometerError.md.html"},{"term":"accelerometerOptions","url":"accelerometerOptions.md.html"},{"term":"accelerometerSuccess","url":"accelerometerSuccess.md.html"},{"term":"Activity Indicator properties","url":"ActivityInProps.md.html"},{"term":"bridge.getMessageData","url":"mosync-bridge.js.html"},{"term":"bridge.reply","url":"mosync-bridge.js.html"},{"term":"bridge.send","url":"mosync-bridge.js.html"},{"term":"bridge.sendAll","url":"mosync-bridge.js.html"},{"term":"bridge.sendAllJSON","url":"mosync-bridge.js.html"},{"term":"bridge.sendJSON","url":"mosync-bridge.js.html"},{"term":"bridge.sendRaw","url":"mosync-bridge.js.html"},{"term":"Button properties","url":"ButtonProperties.md.html"},{"term":"Capture","url":"capture.md.html"},{"term":"capture.captureImage","url":"captureImage.md.html"},{"term":"capture.captureVideo","url":"captureVideo.md.html"},{"term":"CaptureCB","url":"CaptureCB.md.html"},{"term":"CaptureError","url":"CaptureError.md.html"},{"term":"CaptureErrorCB","url":"CaptureErrorCB.md.html"},{"term":"CaptureImageOptions","url":"captureImageOptions.md.html"},{"term":"CaptureVideoOptions","url":"captureVideoOptions.md.html"},{"term":"Check box properties","url":"checkBoxprops.md.html"},{"term":"Compass","url":"compass.md.html"},{"term":"compass.clearWatch","url":"compass.clearWatch.md.html"},{"term":"compass.getCurrentHeading","url":"compass.getCurrentHeading.md.html"},{"term":"compass.watchHeading","url":"compass.watchHeading.md.html"},{"term":"compassError","url":"compassError.md.html"},{"term":"compassHeading","url":"compassHeading.md.html"},{"term":"compassOptions","url":"compassOptions.md.html"},{"term":"compassSuccess","url":"compassSuccess.md.html"},{"term":"ConfigurationData","url":"ConfigurationData.md.html"},{"term":"Connection","url":"connection.md.html"},{"term":"connection.type","url":"connection.type.md.html"},{"term":"Contents","url":"mosync-pushnotifications.js.html"},{"term":"Coordinates","url":"coordinates.md.html"},{"term":"Database","url":"database.md.html"},{"term":"Date Picker properties","url":"DatePickerProps.md.html"},{"term":"Device","url":"device.md.html"},{"term":"device.name","url":"device.name.md.html"},{"term":"device.platform","url":"device.platform.md.html"},{"term":"device.uuid","url":"device.uuid.md.html"},{"term":"device.version","url":"device.version.md.html"},{"term":"device.Wormhole","url":"device.phonegap.md.html"},{"term":"DirectoryEntry","url":"directoryentry.md.html"},{"term":"DirectoryReader","url":"directoryreader.md.html"},{"term":"display_name","url":"display_name.md.html"},{"term":"document.getNativeElementById","url":"mosync-nativeui.js.html"},{"term":"EditBox properties","url":"EditBoxProps.md.html"},{"term":"encoder.encodeString","url":"mosync-bridge.js.html"},{"term":"encoder.lengthAsUTF8","url":"mosync-bridge.js.html"},{"term":"File","url":"file.md.html"},{"term":"File Object","url":"fileobj.md.html"},{"term":"FileEntry","url":"fileentry.md.html"},{"term":"FileError","url":"fileerror.md.html"},{"term":"FileReader","url":"filereader.md.html"},{"term":"FileSystem","url":"filesystem.md.html"},{"term":"FileTransfer","url":"filetransfer.md.html"},{"term":"FileTransferError","url":"filetransfererror.md.html"},{"term":"FileUploadOptions","url":"fileuploadoptions.md.html"},{"term":"FileUploadResult","url":"fileuploadresult.md.html"},{"term":"FileWriter","url":"filewriter.md.html"},{"term":"Flags","url":"flags.md.html"},{"term":"Geolocation","url":"geolocation.md.html"},{"term":"geolocation.clearWatch","url":"geolocation.clearWatch.md.html"},{"term":"geolocation.getCurrentPosition","url":"geolocation.getCurrentPosition.md.html"},{"term":"geolocation.watchPosition","url":"geolocation.watchPosition.md.html"},{"term":"geolocationError","url":"geolocationError.md.html"},{"term":"geolocationOptions","url":"geolocation.options.md.html"},{"term":"geolocationSuccess","url":"geolocationSuccess.md.html"},{"term":"GL view properties","url":"GLViewProps.md.html"},{"term":"Horizontal layout properties","url":"HorLayoutProps.md.html"},{"term":"Image button properties","url":"ImageButtonProperties.md.html"},{"term":"Image properties","url":"ImageProps.md.html"},{"term":"JavaScript API Documentation","url":"index.md.html"},{"term":"Label properties","url":"LabelProperties.md.html"},{"term":"List view item properties","url":"ListviewitemProps.md.html"},{"term":"LocalFileSystem","url":"localfilesystem.md.html"},{"term":"localStorage","url":"localstorage.md.html"},{"term":"MediaFile","url":"MediaFile.md.html"},{"term":"MediaFile.getFormatData","url":"MediaFile.getFormatData.md.html"},{"term":"MediaFileData","url":"MediaFileData.md.html"},{"term":"Metadata","url":"metadata.md.html"},{"term":"Modal Dialog properties","url":"ModalDialogProps.md.html"},{"term":"mosync","url":"mosync-bridge.js.html"},{"term":"mosync.nativeui","url":"mosync-nativeui.js.html"},{"term":"mosync.nativeui.create","url":"mosync-nativeui.js.html"},{"term":"mosync.nativeui.initUI","url":"mosync-nativeui.js.html"},{"term":"mosync.nativeui.NativeWidgetElement","url":"mosync-nativeui.js.html"},{"term":"mosync.nativeui.NativeWidgetElement.addChild","url":"mosync-nativeui.js.html"},{"term":"mosync.nativeui.NativeWidgetElement.addEventListener","url":"mosync-nativeui.js.html"},{"term":"mosync.nativeui.NativeWidgetElement.addTo","url":"mosync-nativeui.js.html"},{"term":"mosync.nativeui.NativeWidgetElement.clone","url":"mosync-nativeui.js.html"},{"term":"mosync.nativeui.NativeWidgetElement.getProperty","url":"mosync-nativeui.js.html"},{"term":"mosync.nativeui.NativeWidgetElement.hideDialog","url":"mosync-nativeui.js.html"},{"term":"mosync.nativeui.NativeWidgetElement.insertChild","url":"mosync-nativeui.js.html"},{"term":"mosync.nativeui.NativeWidgetElement.pop","url":"mosync-nativeui.js.html"},{"term":"mosync.nativeui.NativeWidgetElement.pushTo","url":"mosync-nativeui.js.html"},{"term":"mosync.nativeui.NativeWidgetElement.removeChild","url":"mosync-nativeui.js.html"},{"term":"mosync.nativeui.NativeWidgetElement.setProperty","url":"mosync-nativeui.js.html"},{"term":"mosync.nativeui.NativeWidgetElement.show","url":"mosync-nativeui.js.html"},{"term":"mosync.nativeui.NativeWidgetElement.showDialog","url":"mosync-nativeui.js.html"},{"term":"mosync.nativeui.UIReady","url":"mosync-nativeui.js.html"},{"term":"mosync.notification.HTMLToast","url":"mosync-bridge.js.html"},{"term":"mosync.notification.messageBox","url":"mosync-bridge.js.html"},{"term":"mosync.resource.loadImage","url":"mosync-resource.js.html"},{"term":"mosync.resource.loadRemoteImage","url":"mosync-resource.js.html"},{"term":"mosync.resource.sendRemoteLogMessage","url":"mosync-resource.js.html"},{"term":"mosync.rlog","url":"mosync-resource.js.html"},{"term":"name","url":"name.md.html"},{"term":"Native UI","url":"nativeui.md.html"},{"term":"Navigation Bar properties","url":"NaviBarProps.md.html"},{"term":"navigator.findSensors","url":"mosync-sensormanager.md.html"},{"term":"Notification","url":"notification.md.html"},{"term":"notification.beep","url":"notification.beep.md.html"},{"term":"notification.vibrate","url":"notification.vibrate.md.html"},{"term":"Number Picker properties","url":"NumberPickerProps.md.html"},{"term":"openDatabase","url":"storage.opendatabase.md.html"},{"term":"Panorama View properties","url":"PanaromaProperties.md.html"},{"term":"Position","url":"position.md.html"},{"term":"PositionError","url":"positionError.md.html"},{"term":"Progress bar properties","url":"ProgressBarProps.md.html"},{"term":"Push Notifications","url":"pushnotifications.md.html"},{"term":"PushNotificationManager","url":"mosync-pushnotifications.js.html"},{"term":"PushNotificationManager.accountID","url":"mosync-pushnotifications.js.html"},{"term":"PushNotificationManager.listener","url":"mosync-pushnotifications.js.html"},{"term":"PushNotificationManager.register","url":"mosync-pushnotifications.js.html"},{"term":"PushNotificationManager.type","url":"mosync-pushnotifications.js.html"},{"term":"PushNotificationManager.types","url":"mosync-pushnotifications.js.html"},{"term":"PushNotificationManager.unregister","url":"mosync-pushnotifications.js.html"},{"term":"Resource","url":"resource.md.html"},{"term":"Screen properties","url":"ScreenProperties.md.html"},{"term":"Search bar properties","url":"SearchBarProps.md.html"},{"term":"Sensor Manager","url":"mosync-sensormanager.md.html"},{"term":"SensorConnection","url":"mosync-sensormanager.md.html"},{"term":"SensorConnection.endWatch()","url":"mosync-sensormanager.md.html"},{"term":"SensorConnection.read()","url":"mosync-sensormanager.md.html"},{"term":"SensorConnection.startWatch()","url":"mosync-sensormanager.md.html"},{"term":"sensorData","url":"mosync-sensormanager.md.html"},{"term":"sensorError","url":"mosync-sensormanager.md.html"},{"term":"SensorRequest","url":"mosync-sensormanager.md.html"},{"term":"SensorRequest.addEventListener(event, listener)","url":"mosync-sensormanager.md.html"},{"term":"SensorRequest.removeEventListener(event, listener)","url":"mosync-sensormanager.md.html"},{"term":"size","url":"size.md.html"},{"term":"Slider properties","url":"SliderProps.md.html"},{"term":"SQLError","url":"sqlerror.md.html"},{"term":"SQLResultSet","url":"sqlresultset.md.html"},{"term":"SQLResultSetList","url":"sqlresultsetlist.md.html"},{"term":"SQLTransaction","url":"sqltransaction.md.html"},{"term":"Stack screen properties","url":"StackScreenProperties.md.html"},{"term":"Storage","url":"storage.md.html"},{"term":"Tab screen properties","url":"TabScreenProperties.md.html"},{"term":"Time Picker properties","url":"TimePickerProps.md.html"},{"term":"Toggle button properties","url":"ToggleButtonProps.md.html"},{"term":"version","url":"version.md.html"},{"term":"Vertical layout properties","url":"VerLayoutProps.md.html"},{"term":"Video View properties","url":"VideoViewProps.md.html"},{"term":"Web view properties","url":"WebViewProps.md.html"},{"term":"Widget Events","url":"WidgetEvents.md.html"},{"term":"Widget Properties","url":"WidgetProps.md.html"},{"term":"Widget Types","url":"widgetTypes.md.html"}]